first_name,last_name,job_title,department,email,address,phone_number,salary,password
Brandi,Lee,Outdoor activities/education manager,"Lecturer, higher education",cindy68@example.org,Luismouth,(383)998-8182x20470,17734,zDkGmFel
Christopher,Watts,"Programme researcher, broadcasting/film/video",Secretary/administrator,williamburns@example.net,Mortonport,6439844224,91315,mtcAdrRv
Judy,Callahan,Marketing executive,Senior tax professional/tax inspector,changeric@example.org,Mccarthyborough,+1-789-709-0362x063,17751,ZQq9SyUo
Ronald,Castillo,Theatre manager,Senior tax professional/tax inspector,catherinefisher@example.com,West Brett,+1-352-905-1020,915,mNXEQ87c
Kevin,Nguyen,Film/video editor,"Solicitor, Scotland",nhensley@example.org,Watsonborough,(772)591-6650x592,11621,H9XdCP0T
Kelsey,Galvan,Architectural technologist,Transport planner,thomas60@example.com,Davisshire,(398)841-8055,58568,wD7qzJy3
Timothy,Ramirez,Arts administrator,Financial controller,taracrawford@example.com,Roymouth,(396)313-1540,92737,F2mD1Wpp
Edward,Martinez,Advertising copywriter,"Programmer, systems",mikayla65@example.net,South Melissa,(797)539-9139,6907,kMfuII3x
Reginald,Wheeler,Regulatory affairs officer,Science writer,dgreen@example.net,Hartshire,001-673-965-2519x68680,37237,ERh7sMw6
Terri,Crane,"Presenter, broadcasting",Engineering geologist,robertabest@example.com,Masseyton,820.350.3497x3856,31136,MJ3WxOjA
Alexander,Lowery,"Engineer, control and instrumentation",Advertising account executive,nicole17@example.net,Lake Patricia,(992)837-9416x974,58622,memE1Aqo
Gina,Orr,Personal assistant,"Scientist, clinical (histocompatibility and immunogenetics)",teresabrown@example.com,South Michaelville,(853)740-4518,45697,Flq6nRFw
Stephanie,Perez,"Radiographer, therapeutic",Recruitment consultant,vdavis@example.org,West Marcusview,470.935.6823x50261,49743,iSP9wGvn
Karina,Manning,Horticultural therapist,English as a second language teacher,alejandromoon@example.net,Hubermouth,001-315-383-4152x1299,57653,l71HUUgg
Jennifer,Boone,Field trials officer,Energy engineer,wrightemma@example.net,Navarroshire,5699058880,63798,U4J9DGbS
Tracy,White,Software engineer,"Librarian, academic",jkey@example.net,Knightshire,638.677.4085x234,41976,u5xrFHAb
Julian,Willis,Facilities manager,"Scientist, marine",vporter@example.com,Bellton,554-466-3569x871,1635,bcHHCptS
Kristen,White,Health and safety adviser,Publishing rights manager,youngterry@example.net,East Jamesville,793.759.5999x10856,33596,3MTq4bn0
Christian,Schmitt,Science writer,Podiatrist,pmurphy@example.net,West Vincentport,+1-454-494-0317x5751,60151,oz8bIEai
Elizabeth,Phillips,Warehouse manager,Forensic scientist,taylorlarry@example.com,Port Erin,001-809-654-1263,68772,ud53iM7B
Lawrence,Martin,Occupational hygienist,Event organiser,peterhernandez@example.com,Gonzalezport,(281)711-3399x818,89656,my8TFzb9
Angela,Werner,Health service manager,Food technologist,prichardson@example.com,North Robertchester,+1-934-302-6851,97703,Mmd2jbmv
Robert,Manning,"Sales professional, IT",Television floor manager,cbowers@example.com,Clarkshire,(680)388-4875x7865,68039,n4RhXEvu
Patricia,Johnson,Chemical engineer,"Therapist, horticultural",usilva@example.com,Lake Shellytown,904.663.7881x64271,11259,Vsg26IFj
Lawrence,Gonzales,Information systems manager,"Designer, ceramics/pottery",ericaweeks@example.org,Kingport,+1-946-454-0394,25510,zV4wI5Tn
Sean,Barber,Dietitian,"Optician, dispensing",johnkennedy@example.net,West Candiceville,258-442-8911,26671,tPIpQiCo
Chloe,Jackson,Artist,"Doctor, general practice",vvargas@example.com,Herringstad,(343)332-9035,47061,3HSlUK0i
Shannon,Norton,Tour manager,Futures trader,lawsondylan@example.org,Wilsonmouth,486.715.4245x9153,28256,qMy9qdqa
Nathan,Mendoza,Product manager,"Therapist, nutritional",casey61@example.org,East Douglas,(416)538-9389,67479,VBw8yhVC
Charles,Franklin,Estate agent,Copy,marycruz@example.com,Lloydshire,901-529-9406,40618,PJ57Gc58
Anne,Moore,"Therapist, nutritional",Quarry manager,angie91@example.com,Calebborough,232-927-9460x7969,53990,ft4bBFjO
Jennifer,Atkinson,Financial trader,Medical laboratory scientific officer,robertsmith@example.net,New Jeanchester,+1-515-858-9696x865,4854,EZBXzu0V
Lance,Blair,Research scientist (physical sciences),Plant breeder/geneticist,andrewwalters@example.net,New Jenniferland,709.691.1585,26087,5tKzvxob
Michelle,King,Clinical research associate,Management consultant,gail43@example.com,Lake Joyceberg,650-339-8370,22546,hrs5Zqsk
John,Thompson,Advertising account planner,"Engineer, civil (consulting)",qmoore@example.net,South Vanessa,001-908-212-0577x686,17793,iflUN3aN
Vanessa,Brown,Operational researcher,Ceramics designer,barbara96@example.net,Richardville,8783087619,68098,tk7Qk8lF
Claudia,Davis,Tax inspector,Investment analyst,carlcross@example.org,New Jackieport,(708)994-6470x5891,14952,Gi9Vns6n
Christopher,Clark,Occupational hygienist,Chartered legal executive (England and Wales),jamesolsen@example.org,Jonesside,001-522-479-9556x038,49882,qNUp3qOe
Heidi,Lowe,IT trainer,Retail buyer,leslie49@example.net,Paulaview,001-591-210-9604,52069,Y60yr6rP
Whitney,Green,Multimedia specialist,"Horticulturist, amenity",karenbates@example.com,Stewartmouth,905-621-4807x27664,55378,ElYunf7u
Caleb,Gray,Museum education officer,"Nurse, learning disability",hollybright@example.org,Brendamouth,(267)332-6913x8537,25281,1EjEpvYs
Kristen,Castaneda,Logistics and distribution manager,Translator,fthomas@example.org,South Amber,001-556-978-5882x268,20564,KKcakmTE
Nathaniel,Rodriguez,"Teacher, early years/pre",Jewellery designer,rojasdaniel@example.net,Chambersborough,001-625-558-0694,4950,plsOKvCQ
Michael,Webb,Primary school teacher,"Teacher, early years/pre",reevesanita@example.com,West Deborah,+1-556-587-9964x16029,53091,h7X0iAxS
William,Moore,Restaurant manager,Air cabin crew,rjacobs@example.com,New John,375-482-9605,45703,U87M7x1l
Brian,Gonzalez,Insurance claims handler,Site engineer,rharris@example.net,East Kimbury,9908650771,11738,kV3jEzSX
Mallory,Curtis,"Investment banker, corporate",Soil scientist,richardsonkenneth@example.org,East Melissachester,(326)398-8306x13541,15535,zHcnhly4
Jessica,Pope,Broadcast engineer,Event organiser,pierceryan@example.net,West Christinahaven,981.359.9910x9970,15684,DU4iCTM0
Matthew,Jones,Pharmacologist,"Social research officer, government",daniel55@example.com,Port Rebecca,335-378-3056,94311,33FeR1cy
Krista,Griffin,Artist,Chiropractor,smithdavid@example.net,North Robert,(312)624-2042,5092,Naf3qhqP
Damon,Gibson,Freight forwarder,Civil Service fast streamer,hollymassey@example.com,Sandraberg,+1-963-860-0976x95253,80567,sL6QD1Jt
Barbara,Daniel,Secretary/administrator,"Presenter, broadcasting",amanda96@example.net,Sarahville,673.880.2051x4958,27537,S3laZNEn
Joshua,Ford,Public affairs consultant,Ship broker,millerjeffrey@example.org,Toddmouth,680.581.6545x65607,68497,LwaUHNAO
Michael,Bell,Multimedia specialist,Soil scientist,obaldwin@example.com,Bradleyfurt,950-699-1173,60541,nMD7JIlz
Robert,Hardy,Company secretary,Veterinary surgeon,samuelshaw@example.com,Turnerside,471-798-6783x43976,99824,cCkw1Jd6
Kaitlin,Ramirez,Technical brewer,Product designer,gail63@example.net,West James,355-743-8427,32788,WBiH2BWy
Janet,Cannon,Stage manager,Surgeon,richard39@example.org,Mannhaven,+1-686-458-3347x153,89136,LyQqe2Cs
Michael,Reed,"Surveyor, planning and development","Teacher, secondary school",baileychase@example.org,East Jessica,001-390-950-8526x054,7325,OxdZyonW
Lori,Thomas,Field seismologist,Estate manager/land agent,zmoore@example.com,South James,5183288737,74399,43j2L1Pt
Cynthia,Pruitt,"Engineer, control and instrumentation",Chiropractor,jose69@example.net,Carriemouth,3757280884,50207,aHi0LRSo
Melanie,Oconnor,Control and instrumentation engineer,Field trials officer,guzmanpamela@example.com,Mosesstad,(402)849-6689,28355,Ro23NmaD
Frank,Golden,Interpreter,Press sub,bbeck@example.org,Port Jacobborough,961-203-8638x51560,93339,riHvlrmf
Jeffery,King,Forensic scientist,"Optician, dispensing",jonathan86@example.org,Warrenhaven,(668)436-2844x54277,36033,HpsEMVnv
Anna,Torres,Barrister's clerk,"Geneticist, molecular",bthomas@example.net,Gallowayton,4965464636,2788,AggHtsPN
Jennifer,Todd,Emergency planning/management officer,Copy,jeffreydoyle@example.net,Berryberg,+1-349-561-1970x0407,28985,nHvDfMTB
Melissa,Smith,Freight forwarder,Patent examiner,patricia37@example.org,Justinport,001-520-591-8449x46388,6971,kKJfwmhV
Michael,Warner,"Conservator, museum/gallery","Engineer, building services",cesar25@example.com,Lake Sean,376-613-7273x8730,60420,Laet4PWL
Holly,Ruiz,Psychotherapist,Community development worker,michelle08@example.com,Melindamouth,(486)473-6870x5569,60429,29ITSU0w
Deborah,Huang,Licensed conveyancer,Product/process development scientist,cynthia62@example.net,Ashleyville,536-448-8121x74661,7612,RTi6eJUd
Janet,James,Television/film/video producer,Surgeon,michaelrios@example.com,Lake Prestonton,280-382-7214x67326,95816,LemgNetS
Kimberly,Lee,Interpreter,Garment/textile technologist,danielle93@example.net,West Lindsey,(265)705-1649,2154,Ncdk7XL5
Dawn,Brown,"Copywriter, advertising",Occupational hygienist,john27@example.org,Williamshaven,(455)975-1110x390,97634,4v8Fhkmj
Scott,Lopez,Customer service manager,Pathologist,bjones@example.com,Port Christinatown,201-496-4701x71402,95786,l6jQvClx
Jessica,Wilson,Production engineer,Intelligence analyst,christine60@example.org,South Brittany,974-593-2534x118,86980,UoHFnDqS
Jenna,Simpson,"Secretary, company",Art gallery manager,edwardspeter@example.net,Shaneton,333-615-3280x35499,29502,y3vYsZUL
Edward,Lambert,Careers adviser,IT sales professional,jacob17@example.net,East Shannonburgh,8262794650,87507,tj19KS9y
Lauren,Harmon,Careers information officer,Publishing rights manager,stevensmarcus@example.org,Matthewview,229.906.5448,67162,YyoelOsj
Stephen,Brown,Set designer,Facilities manager,bergrobert@example.com,Morrisville,5926871353,18493,s1FcvHOE
Michael,Roberts,Gaffer,Music therapist,vanderson@example.net,Smithborough,6556862226,43095,ZkorpRk1
Courtney,Mason,"Secretary, company",Ship broker,susan17@example.com,Port Jennifer,(306)502-5474,36130,TJNQGKrp
Mary,Mills,"Education officer, museum",Armed forces logistics/support/administrative officer,jmartinez@example.org,Josephchester,3087450563,92978,SdJZKnh1
Michael,Garcia,Insurance broker,Haematologist,melissa45@example.com,Bishopfurt,(304)912-1204x0885,70721,aIBJX7kB
Carolyn,Stewart,Building control surveyor,Learning mentor,aguilarashley@example.org,South Nicoleview,+1-447-978-0780x9299,89790,jvVSAZqm
Jennifer,Lee,Chief Executive Officer,Company secretary,svasquez@example.org,Gillespiemouth,6233472815,68476,mpLgRvYt
Nicole,Johnson,Legal secretary,"Psychotherapist, child",loripeterson@example.org,Warrenville,653-860-6734x507,26528,y4tYMFmi
Derrick,Johnson,"Administrator, local government",Research scientist (life sciences),bethmiller@example.org,Lake Amber,(383)350-6233x433,10234,uUM0YuLT
David,Foster,Chartered management accountant,Chartered certified accountant,dmalone@example.net,Hansenside,478-626-9746x0385,52997,za48R5hu
Stephanie,Webb,Building control surveyor,Field seismologist,parkerralph@example.net,South Kathryn,523-583-2658x5344,1199,2E0lj4MV
Michele,White,Purchasing manager,Chartered legal executive (England and Wales),pamela35@example.com,Port Nicolefurt,(582)878-2022,16662,2Tmv8JHi
Nicole,Campos,Paramedic,IT consultant,james35@example.com,Port Cheyennetown,200-606-2321x5607,86378,duSMbnlW
Nicole,Stewart,"Designer, textile",Clinical embryologist,katherinecalhoun@example.org,Hannahmouth,+1-316-721-4361x686,15174,5FtEyGWV
Christopher,Bennett,Clothing/textile technologist,Tour manager,angelaholden@example.net,East Kyle,3705062641,29866,0a0sT218
Victoria,Waters,Chiropodist,Lexicographer,raymondwiley@example.org,Port Johnathan,001-408-364-2204x5686,82883,lWz4Rns4
Nancy,Roman,"Nurse, mental health",Accommodation manager,qross@example.net,Christophertown,001-434-606-1587x3607,96225,3kkhYlZh
Jenny,Cunningham,Dancer,Records manager,joneswilliam@example.com,Hollandland,+1-443-442-5307x770,46752,KWdKOIHO
Jessica,Moore,Art therapist,"Doctor, hospital",andrewharrison@example.net,New Gregorytown,709-647-1227,78032,LkegUR1o
William,Baker,Fashion designer,Associate Professor,ryan91@example.com,Nicoleland,+1-921-612-6530x9790,72837,3ER0AOkF
Jesse,Smith,Diplomatic Services operational officer,Best boy,plowe@example.org,South Michael,(774)441-3968x172,10563,APfRxDxD
Robert,Bishop,Animal nutritionist,Theme park manager,laura33@example.org,Davisbury,(763)635-4766x58569,94292,PYAyd62L
Amy,Swanson,Warden/ranger,"Education officer, environmental",robertcortez@example.net,Conwayland,(757)578-8834x948,32177,hvknUnYp
Stanley,Montgomery,Information officer,"Engineer, materials",rodriguezdylan@example.com,Hartton,001-348-242-9928x96078,37095,tfYPmDad
Tami,Blair,Ship broker,Graphic designer,tara50@example.org,Gainesville,(953)716-0590,63517,1nsLVxvD
Jonathan,Freeman,Hospital pharmacist,Armed forces training and education officer,andrew71@example.org,New William,(590)536-0149x12988,905,Z1f1PbMS
Kimberly,Keith,Actor,Associate Professor,averyebony@example.org,Port Kathleenchester,001-872-448-2365x868,82123,RYsuD20a
Krystal,Vaughn,"Psychologist, prison and probation services","Engineer, technical sales",beltranjohn@example.net,Philipberg,505-699-7063x84358,44012,sQDRq0Y6
Rachel,Shaw,"Engineer, civil (contracting)",Operational researcher,amyallen@example.org,Port Christopher,951-719-1642x852,63116,Duyeho9T
Leah,Schmidt,Conference centre manager,"Investment banker, operational",donnamarshall@example.org,Robertville,756.572.1286,67140,mvEEuN6D
Shawn,Scott,"Scientist, water quality",Animal technologist,karenmoody@example.com,New Andrew,+1-332-696-1930x35618,68555,v2qc5RGk
Alexander,Kent,Economist,Licensed conveyancer,michael99@example.com,South Davidview,+1-408-365-7845x9282,52927,XmJmg0cC
Ricky,Wallace,Dance movement psychotherapist,Patent attorney,tmorrison@example.com,East Crystalton,228.893.4359x3156,69275,9vEPyflL
Suzanne,Mcbride,Town planner,Medical illustrator,qtaylor@example.net,North Olivia,218-312-2775x1605,74051,FWTPRWqD
Nicholas,Humphrey,Financial adviser,Estate manager/land agent,tylerjohnson@example.com,Allisonside,5449577673,25700,tjlJCvwe
Jacob,Olsen,"Engineer, agricultural",Video editor,owhitaker@example.net,East Pamela,001-702-350-4362,97079,q8llrNpb
Leroy,Adams,Professor Emeritus,"Teacher, early years/pre",kristyrodriguez@example.com,Lake Nathanberg,798-577-1245x88910,89771,ZbsoPRJo
James,Mays,"Engineer, broadcasting (operations)",Music tutor,nparker@example.net,Baldwinstad,629-244-8466x8416,23718,4sJHNSGn
George,Nelson,Ophthalmologist,Landscape architect,moralespatricia@example.net,Lake Molly,(745)922-7761x409,22022,X9wdnXD8
Victoria,Schmidt,Mental health nurse,"Administrator, Civil Service",danielle00@example.net,West Pamburgh,667-523-9204x4191,51572,Aww3bpdw
Sean,Bennett,Charity officer,"Producer, radio",heathmarco@example.net,Lake Jennifer,510.240.1983,8096,AwFCGFJK
Joshua,Glass,"Scientist, water quality","Designer, furniture",nicholaslopez@example.net,North Amandaland,001-893-861-8367,13457,xMVQyh5W
Jessica,Berry,Secondary school teacher,Recruitment consultant,scott82@example.com,Alexisfort,+1-547-790-1608x2886,36281,0o2gUjaF
David,Hanson,Community pharmacist,Air broker,youngpamela@example.com,Port Katelynton,(314)281-2832,28096,kworioFr
Michelle,Brown,Chief Executive Officer,Theme park manager,erikawhite@example.net,Rickystad,+1-759-869-7149,64715,R1bHCYs3
Richard,Murray,"Designer, jewellery","Engineer, aeronautical",jenniferyoung@example.org,Josephview,506.887.8029,77880,MNqgP0Ec
Brooke,Allen,"Engineer, automotive",Heritage manager,michelle43@example.org,East Kenneth,(450)990-0008x68846,61830,kHoSHZuL
Adrian,Spencer,Licensed conveyancer,Automotive engineer,allisoncardenas@example.net,North Robertbury,810-887-2418x289,22568,oUWtY6kj
Lisa,Garner,"Surveyor, quantity",Web designer,chad98@example.org,Jasmineshire,4486360943,79720,M1XDQwPO
Jason,Benjamin,Higher education lecturer,"Therapist, art",zhammond@example.org,South Josephton,584.983.6240x31534,41071,npEFWcrZ
Amanda,Hamilton,Cytogeneticist,Graphic designer,sullivanhunter@example.org,East Cristianview,001-774-788-1390,40415,VIOvrzTu
Danielle,Palmer,Holiday representative,"Psychologist, sport and exercise",frankwalker@example.com,Peterland,(826)365-3015,81327,W2fInhSl
Donald,Hernandez,"Designer, textile",Production engineer,tracy33@example.com,West Ronald,539.881.2135,96087,s0LN6pVD
Richard,Williams,Probation officer,Accounting technician,irobinson@example.net,Williamhaven,842.606.5619,10368,NbOjtnct
Nicholas,Lee,Transport planner,"Copywriter, advertising",mitchellalec@example.net,Markmouth,(921)669-7990,23746,a3XcglSd
Brandon,Hall,Interior and spatial designer,"Engineer, communications",allentravis@example.org,East Teresa,252.973.1644,69149,iubORrUo
Jeremy,Santos,Careers adviser,Quarry manager,ogeorge@example.org,Karenside,(410)476-8314,65568,s0CpyP22
Sara,Lee,Ecologist,Applications developer,jonathandixon@example.net,Bryanthaven,5855039783,31209,GqQLtPLn
James,Hayes,Herbalist,Midwife,shannon67@example.com,Rosalesland,430.348.0084,60492,R5ZkaaJY
Tiffany,Perry,Clinical biochemist,"Psychotherapist, child",melissaosborne@example.com,North Yvonne,+1-424-224-1961x508,66176,OyzgNHag
Andrew,Foster,"Psychotherapist, dance movement",Senior tax professional/tax inspector,brownjessica@example.net,North Aaronstad,654.433.3802x577,23834,Z3zYwCNI
Jennifer,Rich,Dramatherapist,Contracting civil engineer,davidray@example.com,Sarahburgh,568-267-6973,80655,zTOzj5Xz
Keith,Wilkins,Database administrator,"Designer, multimedia",rchristensen@example.org,Chanmouth,651.973.7005x36519,43058,6AHcpOib
Gabrielle,Jones,"Designer, graphic",Town planner,lori63@example.net,Rebeccabury,899-841-0394x951,34684,r2oVmdBj
Tara,Chang,Pharmacologist,Industrial buyer,monique65@example.com,Lake Jamesfort,+1-940-370-2275,99364,UpA0fjqA
Jamie,Myers,Quantity surveyor,Television camera operator,austin17@example.com,New Gailland,(438)832-7691,20226,f3iUSfO8
Courtney,Nelson,Music tutor,Proofreader,tross@example.net,North Stevenmouth,(856)540-9076x9270,80787,I1sdTpJb
Christina,Ramsey,Higher education careers adviser,Broadcast engineer,ujimenez@example.com,Jennaview,(937)920-0065x7537,76938,gD9aPrnP
Julie,Carlson,Animator,Geographical information systems officer,gjohnson@example.net,Stephenchester,539-857-7412x7780,49437,NJ8R5JAl
Cynthia,Clay,"Education officer, community",Television production assistant,brownkaren@example.net,Penningtonport,892-988-1605x53722,40192,Ww5R11HO
Elizabeth,Rodriguez,Illustrator,Historic buildings inspector/conservation officer,traceywells@example.org,Stephensonhaven,(726)734-9682,55100,Z2mzHPTy
Jared,Vazquez,"Teacher, secondary school",Commercial art gallery manager,sgoodwin@example.com,Smithmouth,4954427239,16225,Bjr5rAu9
Gary,Barton,Personnel officer,"Sales professional, IT",peter47@example.org,Carpenterbury,(294)224-3849x474,48892,tciiZsfg
Rodney,Mccarty,"Buyer, retail",Operational investment banker,nancywashington@example.org,New Margaret,(417)618-2149x335,8177,1ziOE3Kn
Johnny,Thompson,General practice doctor,"Copywriter, advertising",bryan67@example.org,West Paul,(320)536-4517x596,28299,3lIi7FkV
Hector,Combs,Furniture conservator/restorer,"Teacher, special educational needs",donald32@example.org,North Kimberly,776-589-5081x35000,27186,6pFFVhgk
David,Martin,Web designer,Dancer,sarah89@example.net,Jenniferborough,(207)399-4022,43189,ofaXEBtf
John,Houston,"Designer, exhibition/display",Aid worker,philipwalker@example.org,Moralesbury,632-297-4906x70106,51080,usnAUiTF
Danielle,King,"Scientist, physiological",Art therapist,thomassmith@example.org,South Joelside,001-414-856-0831,42635,jHK5zzQ9
Kristin,Oneal,Energy engineer,Exhibition designer,wardalicia@example.net,Gutierrezfort,+1-622-394-0210x132,5655,yZPQzsxX
Alan,Stevens,Chiropractor,Chief Operating Officer,mjackson@example.com,West Jerrybury,+1-510-241-7895x5338,3770,7JYwqGTV
Nicholas,Porter,Ophthalmologist,Scientific laboratory technician,brandysmith@example.com,Colemanshire,(880)497-3593,90003,mbXknj2g
Kevin,Maynard,Graphic designer,"Editor, film/video",stephaniejohnston@example.com,West Kennethland,(251)411-6027x7253,4633,TnJAN03w
Jacob,Rodriguez,Recruitment consultant,Gaffer,sholmes@example.org,Johnsonville,+1-823-968-1877,83533,ojRXKu6g
Keith,Herrera,Professor Emeritus,Civil Service fast streamer,howardanne@example.com,East Kristen,366.572.9600x03645,89995,f3oRWisT
Abigail,Johnson,Architectural technologist,Rural practice surveyor,linda82@example.com,Laurenside,426-315-9556,38819,7PlGstQJ
Andrew,Yu,Clinical psychologist,Agricultural consultant,danalarson@example.org,North Rickyview,880.893.8416,37086,DfdQR53e
Julie,Hester,Estate manager/land agent,Futures trader,bryantchristopher@example.net,Lucastown,296.409.6983x0221,57539,bHn5cl12
Bonnie,Jacobs,"Copywriter, advertising",Quality manager,joelschwartz@example.com,Christophershire,+1-849-746-7586x606,56290,qPntOioZ
Jessica,Bautista,"Accountant, chartered certified","Scientist, clinical (histocompatibility and immunogenetics)",qlewis@example.org,Millermouth,001-951-881-9947,20338,0cogDTjm
Julie,Lutz,Dietitian,Theme park manager,davidsoncorey@example.net,Woodport,284-314-5959,58267,T9TCmrPh
Yvonne,Douglas,"Loss adjuster, chartered","Education officer, museum",jamie47@example.com,Frederickland,675-989-7976x75691,31141,zDeD8pDB
James,Thompson,"Designer, jewellery",Research scientist (life sciences),laurapruitt@example.org,Hillport,001-242-841-1536x100,83320,EJHBsPB2
Jennifer,Hernandez,Heritage manager,Print production planner,melanie63@example.net,Jenniferport,+1-919-266-8049,34986,phhVHzsI
Anthony,Harper,"Engineer, communications",Fish farm manager,william62@example.org,East Anne,(996)610-0195,49650,YWbFSRwS
Katrina,Copeland,Financial manager,"Engineer, control and instrumentation",chris04@example.net,Mcmillanland,(241)877-2953x09287,30070,DmgIvPPe
Joe,Brown,Financial manager,Illustrator,krobbins@example.net,West Charlesmouth,868.657.2677,36705,VNEVqUQE
Benjamin,Fox,"Therapist, drama","Designer, multimedia",jamesjones@example.net,Lake Amanda,+1-956-958-1181x40517,6521,cxxxcGt1
Nicole,Gray,Customer service manager,Air broker,sdavidson@example.net,Woodview,802-579-6093,79106,GyacmJUg
Brittany,Dougherty,Insurance underwriter,Analytical chemist,jhowell@example.net,West James,(890)829-2665,48705,yhhrauiF
Nicholas,Burns,Clothing/textile technologist,Editorial assistant,mwilson@example.org,New Margaretborough,492-889-7122x7190,561,AU6RYtqr
Bryan,Hudson,Merchant navy officer,Civil Service administrator,cynthia60@example.com,Brittanyview,001-830-509-5096x627,50090,kgCYbwcn
Lauren,Barrett,Product manager,Associate Professor,vanessamueller@example.org,North Philipfort,(755)475-8361,18161,mIBBYixV
Russell,Romero,Industrial/product designer,Ship broker,christopher20@example.net,Justinshire,3155022596,67643,06WqDhTm
Brian,Pitts,Merchant navy officer,"Engineer, aeronautical",smithcharles@example.net,Randyland,507.374.4710x114,50595,H9FfCOBN
Deborah,Flores,Speech and language therapist,Product manager,jesseromero@example.org,Bushside,456.322.9880x3361,36724,sADoP2Zq
Dale,Fowler,Claims inspector/assessor,Environmental consultant,ericsalinas@example.net,Port Mark,+1-255-672-4685x99006,14028,ITUzSwQ9
James,Rodriguez,"Administrator, charities/voluntary organisations",Regulatory affairs officer,sellerskaylee@example.net,North Michael,001-611-510-5962x57867,30992,2n2O5J15
Eric,Cervantes,Interpreter,Newspaper journalist,baileyerika@example.net,Kimberlyshire,(682)363-2602,90437,MB429OoL
Anne,Williams,Special effects artist,Health and safety inspector,johnkeller@example.org,West Teresa,7344462049,36196,T8Ho3mM5
Natasha,Turner,Tax adviser,Microbiologist,wesleyphillips@example.com,New Tiffany,739-536-5204,72733,zudneF7k
Katie,Mcintyre,Clinical biochemist,"Therapist, music",laurenfigueroa@example.net,North Haydenville,+1-750-639-9200,44363,otNYWHgC
Sean,Hernandez,Printmaker,"Accountant, chartered public finance",jonesanthony@example.com,West Davidberg,+1-644-427-3511x466,96164,k1c0xxV6
Travis,Eaton,Water quality scientist,"Clinical scientist, histocompatibility and immunogenetics",allenlori@example.net,South Laura,(282)260-7906,88896,NHW89pLK
Steven,Lin,English as a foreign language teacher,Nature conservation officer,scollier@example.org,Hensonchester,634.640.8072x344,94431,9nZuyWyl
April,Andrade,Gaffer,Microbiologist,ronnie51@example.com,Martinezburgh,489-920-6515x14713,74472,TAunrgth
Steven,Holland,Radio broadcast assistant,Exercise physiologist,heather64@example.net,Josephstad,(227)606-9424x4963,27854,2tTMqsq5
Lynn,Watts,"Scientist, biomedical",Gaffer,greg07@example.com,Maryview,+1-220-649-6218x0208,98187,xaqUXnte
Vincent,Rivera,"Conservation officer, historic buildings","Psychologist, occupational",newtonsharon@example.org,Walkermouth,+1-625-539-8318x933,76163,2FInJyH3
Tracy,Griffin,Risk manager,Writer,xwright@example.com,Thorntonhaven,364.811.4143x95327,91037,M263zNvw
Rebekah,Stone,Community education officer,Air cabin crew,jonesshelby@example.net,Robertport,001-222-872-7722x75139,89944,k9d8ngnG
Yvonne,Singh,Tree surgeon,Hospital pharmacist,smithleslie@example.com,Port Chadview,6274806067,83924,nh6nO0q7
Robin,Smith,Writer,Lobbyist,chaseburgess@example.com,Browningtown,001-421-929-7412x99162,22559,3VOIfwoz
